"ID","Inventory_ID","Item_ID","Quantity","Buys"
1,1,1,0,"FALSE"
2,1,2,0,"FALSE"
3,1,3,0,"FALSE"
4,1,4,0,"FALSE"
5,1,5,0,"FALSE"
6,1,6,0,"FALSE"
7,1,7,0,"FALSE"
8,1,8,0,"FALSE"
9,1,9,0,"FALSE"
10,1,10,0,"FALSE"
11,1,11,0,"FALSE"
12,1,12,0,"FALSE"
13,1,13,0,"FALSE"
14,1,14,0,"FALSE"
15,1,15,0,"FALSE"
16,1,16,0,"FALSE"
17,1,17,0,"FALSE"
18,1,18,0,"FALSE"
19,1,19,0,"FALSE"
20,1,20,0,"FALSE"
21,1,21,0,"FALSE"
22,1,22,0,"FALSE"
23,1,23,0,"FALSE"
24,1,24,0,"FALSE"
25,1,25,0,"FALSE"
26,1,26,0,"FALSE"
27,1,27,0,"FALSE"
28,1,28,0,"FALSE"
29,1,29,0,"FALSE"
30,1,30,0,"FALSE"
31,1,31,0,"FALSE"
32,1,32,0,"FALSE"
33,1,33,0,"FALSE"
34,1,34,0,"FALSE"
35,1,35,0,"FALSE"
36,1,36,0,"FALSE"
37,1,37,0,"FALSE"
38,1,38,0,"FALSE"
39,1,39,0,"FALSE"
40,1,40,0,"FALSE"
41,1,41,0,"FALSE"
42,1,42,0,"FALSE"
43,1,43,0,"FALSE"
44,1,44,0,"FALSE"
45,1,45,0,"FALSE"
46,1,46,0,"FALSE"
47,1,47,0,"FALSE"
48,1,48,0,"FALSE"
49,1,49,0,"FALSE"
50,1,50,0,"FALSE"
51,1,51,0,"FALSE"
52,1,52,0,"FALSE"
53,1,53,0,"FALSE"
54,1,54,0,"FALSE"
55,1,55,0,"FALSE"
56,1,56,0,"FALSE"
57,2,1,0,"FALSE"
58,2,2,0,"FALSE"
59,2,3,0,"FALSE"
60,2,4,0,"FALSE"
61,2,5,0,"FALSE"
62,2,6,0,"FALSE"
63,2,7,0,"FALSE"
64,2,8,0,"FALSE"
65,2,9,0,"FALSE"
66,2,10,0,"FALSE"
67,2,11,0,"FALSE"
68,2,12,0,"FALSE"
69,2,13,0,"FALSE"
70,2,14,0,"FALSE"
71,2,15,0,"FALSE"
72,2,16,0,"FALSE"
73,2,17,0,"FALSE"
74,2,18,0,"FALSE"
75,2,19,0,"FALSE"
76,2,20,0,"FALSE"
77,2,21,0,"FALSE"
78,2,22,0,"FALSE"
79,2,23,0,"FALSE"
80,2,24,0,"FALSE"
81,2,25,0,"FALSE"
82,2,26,0,"FALSE"
83,2,27,0,"FALSE"
84,2,28,0,"FALSE"
85,2,29,0,"FALSE"
86,2,30,0,"FALSE"
87,2,31,0,"FALSE"
88,2,32,0,"FALSE"
89,2,33,0,"FALSE"
90,2,34,0,"FALSE"
91,2,35,0,"FALSE"
92,2,36,0,"FALSE"
93,2,37,0,"FALSE"
94,2,38,0,"FALSE"
95,2,39,0,"FALSE"
96,2,40,0,"FALSE"
97,2,41,0,"FALSE"
98,2,42,0,"FALSE"
99,2,43,0,"FALSE"
100,2,44,0,"FALSE"
101,2,45,0,"FALSE"
102,2,46,0,"FALSE"
103,2,47,0,"FALSE"
104,2,48,0,"FALSE"
105,2,49,0,"FALSE"
106,2,50,0,"FALSE"
107,2,51,0,"FALSE"
108,2,52,0,"FALSE"
109,2,53,0,"FALSE"
110,2,54,0,"FALSE"
111,2,55,0,"FALSE"
112,2,56,0,"FALSE"
113,3,1,0,"FALSE"
114,3,2,0,"FALSE"
115,3,3,0,"FALSE"
116,3,4,0,"FALSE"
117,3,5,0,"FALSE"
118,3,6,0,"FALSE"
119,3,7,0,"FALSE"
120,3,8,0,"FALSE"
121,3,9,0,"FALSE"
122,3,10,0,"FALSE"
123,3,11,0,"FALSE"
124,3,12,0,"FALSE"
125,3,13,0,"FALSE"
126,3,14,0,"FALSE"
127,3,15,0,"FALSE"
128,3,16,0,"FALSE"
129,3,17,0,"FALSE"
130,3,18,0,"FALSE"
131,3,19,0,"FALSE"
132,3,20,0,"FALSE"
133,3,21,0,"FALSE"
134,3,22,0,"FALSE"
135,3,23,0,"FALSE"
136,3,24,0,"FALSE"
137,3,25,0,"FALSE"
138,3,26,0,"FALSE"
139,3,27,0,"FALSE"
140,3,28,0,"FALSE"
141,3,29,0,"FALSE"
142,3,30,0,"FALSE"
143,3,31,0,"FALSE"
144,3,32,0,"FALSE"
145,3,33,0,"FALSE"
146,3,34,0,"FALSE"
147,3,35,0,"FALSE"
148,3,36,0,"FALSE"
149,3,37,0,"FALSE"
150,3,38,0,"FALSE"
151,3,39,0,"FALSE"
152,3,40,0,"FALSE"
153,3,41,0,"FALSE"
154,3,42,0,"FALSE"
155,3,43,0,"FALSE"
156,3,44,0,"FALSE"
157,3,45,0,"FALSE"
158,3,46,0,"FALSE"
159,3,47,0,"FALSE"
160,3,48,0,"FALSE"
161,3,49,0,"FALSE"
162,3,50,0,"FALSE"
163,3,51,0,"FALSE"
164,3,52,0,"FALSE"
165,3,53,0,"FALSE"
166,3,54,0,"FALSE"
167,3,55,0,"FALSE"
168,3,56,0,"FALSE"
169,4,1,0,"FALSE"
170,4,2,0,"FALSE"
171,4,3,0,"FALSE"
172,4,4,0,"FALSE"
173,4,5,0,"FALSE"
174,4,6,0,"FALSE"
175,4,7,0,"FALSE"
176,4,8,0,"FALSE"
177,4,9,0,"FALSE"
178,4,10,0,"FALSE"
179,4,11,0,"FALSE"
180,4,12,0,"FALSE"
181,4,13,0,"FALSE"
182,4,14,0,"FALSE"
183,4,15,0,"FALSE"
184,4,16,0,"FALSE"
185,4,17,0,"FALSE"
186,4,18,0,"FALSE"
187,4,19,0,"FALSE"
188,4,20,0,"FALSE"
189,4,21,0,"FALSE"
190,4,22,0,"FALSE"
191,4,23,0,"FALSE"
192,4,24,0,"FALSE"
193,4,25,0,"FALSE"
194,4,26,0,"FALSE"
195,4,27,0,"FALSE"
196,4,28,0,"FALSE"
197,4,29,0,"FALSE"
198,4,30,0,"FALSE"
199,4,31,0,"FALSE"
200,4,32,0,"FALSE"
201,4,33,0,"FALSE"
202,4,34,0,"FALSE"
203,4,35,0,"FALSE"
204,4,36,0,"FALSE"
205,4,37,0,"FALSE"
206,4,38,0,"FALSE"
207,4,39,0,"FALSE"
208,4,40,0,"FALSE"
209,4,41,0,"FALSE"
210,4,42,0,"FALSE"
211,4,43,0,"FALSE"
212,4,44,0,"FALSE"
213,4,45,0,"FALSE"
214,4,46,0,"FALSE"
215,4,47,0,"FALSE"
216,4,48,0,"FALSE"
217,4,49,0,"FALSE"
218,4,50,0,"FALSE"
219,4,51,0,"FALSE"
220,4,52,0,"FALSE"
221,4,53,0,"FALSE"
222,4,54,0,"FALSE"
223,4,55,0,"FALSE"
224,4,56,0,"FALSE"
225,5,1,0,"FALSE"
226,5,2,0,"FALSE"
227,5,3,0,"FALSE"
228,5,4,0,"FALSE"
229,5,5,0,"FALSE"
230,5,6,0,"FALSE"
231,5,7,0,"FALSE"
232,5,8,0,"FALSE"
233,5,9,0,"FALSE"
234,5,10,0,"FALSE"
235,5,11,0,"FALSE"
236,5,12,0,"FALSE"
237,5,13,0,"FALSE"
238,5,14,0,"FALSE"
239,5,15,0,"FALSE"
240,5,16,0,"FALSE"
241,5,17,0,"FALSE"
242,5,18,0,"FALSE"
243,5,19,0,"FALSE"
244,5,20,0,"FALSE"
245,5,21,0,"FALSE"
246,5,22,0,"FALSE"
247,5,23,0,"FALSE"
248,5,24,0,"FALSE"
249,5,25,0,"FALSE"
250,5,26,0,"FALSE"
251,5,27,0,"FALSE"
252,5,28,0,"FALSE"
253,5,29,0,"FALSE"
254,5,30,0,"FALSE"
255,5,31,0,"FALSE"
256,5,32,0,"FALSE"
257,5,33,0,"FALSE"
258,5,34,0,"FALSE"
259,5,35,0,"FALSE"
260,5,36,0,"FALSE"
261,5,37,0,"FALSE"
262,5,38,0,"FALSE"
263,5,39,0,"FALSE"
264,5,40,0,"FALSE"
265,5,41,0,"FALSE"
266,5,42,0,"FALSE"
267,5,43,0,"FALSE"
268,5,44,0,"FALSE"
269,5,45,0,"FALSE"
270,5,46,0,"FALSE"
271,5,47,0,"FALSE"
272,5,48,0,"FALSE"
273,5,49,0,"FALSE"
274,5,50,0,"FALSE"
275,5,51,0,"FALSE"
276,5,52,0,"FALSE"
277,5,53,0,"FALSE"
278,5,54,0,"FALSE"
279,5,55,0,"FALSE"
280,5,56,0,"FALSE"
281,6,1,0,"FALSE"
282,6,2,0,"FALSE"
283,6,3,0,"FALSE"
284,6,4,0,"FALSE"
285,6,5,0,"FALSE"
286,6,6,0,"FALSE"
287,6,7,0,"FALSE"
288,6,8,0,"FALSE"
289,6,9,0,"FALSE"
290,6,10,0,"FALSE"
291,6,11,0,"FALSE"
292,6,12,0,"FALSE"
293,6,13,0,"FALSE"
294,6,14,0,"FALSE"
295,6,15,0,"FALSE"
296,6,16,0,"FALSE"
297,6,17,0,"FALSE"
298,6,18,0,"FALSE"
299,6,19,0,"FALSE"
300,6,20,0,"FALSE"
301,6,21,0,"FALSE"
302,6,22,0,"FALSE"
303,6,23,0,"FALSE"
304,6,24,0,"FALSE"
305,6,25,0,"FALSE"
306,6,26,0,"FALSE"
307,6,27,0,"FALSE"
308,6,28,0,"FALSE"
309,6,29,0,"FALSE"
310,6,30,0,"FALSE"
311,6,31,0,"FALSE"
312,6,32,0,"FALSE"
313,6,33,0,"FALSE"
314,6,34,0,"FALSE"
315,6,35,0,"FALSE"
316,6,36,0,"FALSE"
317,6,37,0,"FALSE"
318,6,38,0,"FALSE"
319,6,39,0,"FALSE"
320,6,40,0,"FALSE"
321,6,41,0,"FALSE"
322,6,42,0,"FALSE"
323,6,43,0,"FALSE"
324,6,44,0,"FALSE"
325,6,45,0,"FALSE"
326,6,46,0,"FALSE"
327,6,47,0,"FALSE"
328,6,48,0,"FALSE"
329,6,49,0,"FALSE"
330,6,50,0,"FALSE"
331,6,51,0,"FALSE"
332,6,52,0,"FALSE"
333,6,53,0,"FALSE"
334,6,54,0,"FALSE"
335,6,55,0,"FALSE"
336,6,56,0,"FALSE"
337,7,1,0,"FALSE"
338,7,2,0,"FALSE"
339,7,3,0,"FALSE"
340,7,4,0,"FALSE"
341,7,5,0,"FALSE"
342,7,6,0,"FALSE"
343,7,7,0,"FALSE"
344,7,8,0,"FALSE"
345,7,9,0,"FALSE"
346,7,10,0,"FALSE"
347,7,11,0,"FALSE"
348,7,12,0,"FALSE"
349,7,13,0,"FALSE"
350,7,14,0,"FALSE"
351,7,15,0,"FALSE"
352,7,16,0,"FALSE"
353,7,17,0,"FALSE"
354,7,18,0,"FALSE"
355,7,19,0,"FALSE"
356,7,20,0,"FALSE"
357,7,21,0,"FALSE"
358,7,22,0,"FALSE"
359,7,23,0,"FALSE"
360,7,24,0,"FALSE"
361,7,25,0,"FALSE"
362,7,26,0,"FALSE"
363,7,27,0,"FALSE"
364,7,28,0,"FALSE"
365,7,29,0,"FALSE"
366,7,30,0,"FALSE"
367,7,31,0,"FALSE"
368,7,32,0,"FALSE"
369,7,33,0,"FALSE"
370,7,34,0,"FALSE"
371,7,35,0,"FALSE"
372,7,36,0,"FALSE"
373,7,37,0,"FALSE"
374,7,38,0,"FALSE"
375,7,39,0,"FALSE"
376,7,40,0,"FALSE"
377,7,41,0,"FALSE"
378,7,42,0,"FALSE"
379,7,43,0,"FALSE"
380,7,44,0,"FALSE"
381,7,45,0,"FALSE"
382,7,46,0,"FALSE"
383,7,47,0,"FALSE"
384,7,48,0,"FALSE"
385,7,49,0,"FALSE"
386,7,50,0,"FALSE"
387,7,51,0,"FALSE"
388,7,52,0,"FALSE"
389,7,53,0,"FALSE"
390,7,54,0,"FALSE"
391,7,55,0,"FALSE"
392,7,56,0,"FALSE"
393,8,1,0,"FALSE"
394,8,2,0,"FALSE"
395,8,3,0,"FALSE"
396,8,4,0,"FALSE"
397,8,5,0,"FALSE"
398,8,6,0,"FALSE"
399,8,7,0,"FALSE"
400,8,8,0,"FALSE"
401,8,9,0,"FALSE"
402,8,10,0,"FALSE"
403,8,11,0,"FALSE"
404,8,12,0,"FALSE"
405,8,13,0,"FALSE"
406,8,14,0,"FALSE"
407,8,15,0,"FALSE"
408,8,16,0,"FALSE"
409,8,17,0,"FALSE"
410,8,18,0,"FALSE"
411,8,19,0,"FALSE"
412,8,20,0,"FALSE"
413,8,21,0,"FALSE"
414,8,22,0,"FALSE"
415,8,23,0,"FALSE"
416,8,24,0,"FALSE"
417,8,25,0,"FALSE"
418,8,26,0,"FALSE"
419,8,27,0,"FALSE"
420,8,28,0,"FALSE"
421,8,29,0,"FALSE"
422,8,30,0,"FALSE"
423,8,31,0,"FALSE"
424,8,32,0,"FALSE"
425,8,33,0,"FALSE"
426,8,34,0,"FALSE"
427,8,35,0,"FALSE"
428,8,36,0,"FALSE"
429,8,37,0,"FALSE"
430,8,38,0,"FALSE"
431,8,39,0,"FALSE"
432,8,40,0,"FALSE"
433,8,41,0,"FALSE"
434,8,42,0,"FALSE"
435,8,43,0,"FALSE"
436,8,44,0,"FALSE"
437,8,45,0,"FALSE"
438,8,46,0,"FALSE"
439,8,47,0,"FALSE"
440,8,48,0,"FALSE"
441,8,49,0,"FALSE"
442,8,50,0,"FALSE"
443,8,51,0,"FALSE"
444,8,52,0,"FALSE"
445,8,53,0,"FALSE"
446,8,54,0,"FALSE"
447,8,55,0,"FALSE"
448,8,56,0,"FALSE"
449,9,1,0,"FALSE"
450,9,2,0,"FALSE"
451,9,3,0,"FALSE"
452,9,4,0,"FALSE"
453,9,5,0,"FALSE"
454,9,6,0,"FALSE"
455,9,7,0,"FALSE"
456,9,8,0,"FALSE"
457,9,9,0,"FALSE"
458,9,10,0,"FALSE"
459,9,11,0,"FALSE"
460,9,12,0,"FALSE"
461,9,13,0,"FALSE"
462,9,14,0,"FALSE"
463,9,15,0,"FALSE"
464,9,16,0,"FALSE"
465,9,17,0,"FALSE"
466,9,18,0,"FALSE"
467,9,19,0,"FALSE"
468,9,20,0,"FALSE"
469,9,21,0,"FALSE"
470,9,22,0,"FALSE"
471,9,23,0,"FALSE"
472,9,24,0,"FALSE"
473,9,25,0,"FALSE"
474,9,26,0,"FALSE"
475,9,27,0,"FALSE"
476,9,28,0,"FALSE"
477,9,29,0,"FALSE"
478,9,30,0,"FALSE"
479,9,31,0,"FALSE"
480,9,32,0,"FALSE"
481,9,33,0,"FALSE"
482,9,34,0,"FALSE"
483,9,35,0,"FALSE"
484,9,36,0,"FALSE"
485,9,37,0,"FALSE"
486,9,38,0,"FALSE"
487,9,39,0,"FALSE"
488,9,40,0,"FALSE"
489,9,41,0,"FALSE"
490,9,42,0,"FALSE"
491,9,43,0,"FALSE"
492,9,44,0,"FALSE"
493,9,45,0,"FALSE"
494,9,46,0,"FALSE"
495,9,47,0,"FALSE"
496,9,48,0,"FALSE"
497,9,49,0,"FALSE"
498,9,50,0,"FALSE"
499,9,51,0,"FALSE"
500,9,52,0,"FALSE"
501,9,53,0,"FALSE"
502,9,54,0,"FALSE"
503,9,55,0,"FALSE"
504,9,56,0,"FALSE"
505,10,1,0,"FALSE"
506,10,2,0,"FALSE"
507,10,3,0,"FALSE"
508,10,4,0,"FALSE"
509,10,5,0,"FALSE"
510,10,6,0,"FALSE"
511,10,7,0,"FALSE"
512,10,8,0,"FALSE"
513,10,9,0,"FALSE"
514,10,10,0,"FALSE"
515,10,11,0,"FALSE"
516,10,12,0,"FALSE"
517,10,13,0,"FALSE"
518,10,14,0,"FALSE"
519,10,15,0,"FALSE"
520,10,16,0,"FALSE"
521,10,17,0,"FALSE"
522,10,18,0,"FALSE"
523,10,19,0,"FALSE"
524,10,20,0,"FALSE"
525,10,21,0,"FALSE"
526,10,22,0,"FALSE"
527,10,23,0,"FALSE"
528,10,24,0,"FALSE"
529,10,25,0,"FALSE"
530,10,26,0,"FALSE"
531,10,27,0,"FALSE"
532,10,28,0,"FALSE"
533,10,29,0,"FALSE"
534,10,30,0,"FALSE"
535,10,31,0,"FALSE"
536,10,32,0,"FALSE"
537,10,33,0,"FALSE"
538,10,34,0,"FALSE"
539,10,35,0,"FALSE"
540,10,36,0,"FALSE"
541,10,37,0,"FALSE"
542,10,38,0,"FALSE"
543,10,39,0,"FALSE"
544,10,40,0,"FALSE"
545,10,41,0,"FALSE"
546,10,42,0,"FALSE"
547,10,43,0,"FALSE"
548,10,44,0,"FALSE"
549,10,45,0,"FALSE"
550,10,46,0,"FALSE"
551,10,47,0,"FALSE"
552,10,48,0,"FALSE"
553,10,49,0,"FALSE"
554,10,50,0,"FALSE"
555,10,51,0,"FALSE"
556,10,52,0,"FALSE"
557,10,53,0,"FALSE"
558,10,54,0,"FALSE"
559,10,55,0,"FALSE"
560,10,56,0,"FALSE"
561,11,1,0,"FALSE"
562,11,2,0,"FALSE"
563,11,3,0,"FALSE"
564,11,4,0,"FALSE"
565,11,5,0,"FALSE"
566,11,6,0,"FALSE"
567,11,7,0,"FALSE"
568,11,8,0,"FALSE"
569,11,9,0,"FALSE"
570,11,10,0,"FALSE"
571,11,11,0,"FALSE"
572,11,12,0,"FALSE"
573,11,13,0,"FALSE"
574,11,14,0,"FALSE"
575,11,15,0,"FALSE"
576,11,16,0,"FALSE"
577,11,17,0,"FALSE"
578,11,18,0,"FALSE"
579,11,19,0,"FALSE"
580,11,20,0,"FALSE"
581,11,21,0,"FALSE"
582,11,22,0,"FALSE"
583,11,23,0,"FALSE"
584,11,24,0,"FALSE"
585,11,25,0,"FALSE"
586,11,26,0,"FALSE"
587,11,27,0,"FALSE"
588,11,28,0,"FALSE"
589,11,29,0,"FALSE"
590,11,30,0,"FALSE"
591,11,31,0,"FALSE"
592,11,32,0,"FALSE"
593,11,33,0,"FALSE"
594,11,34,0,"FALSE"
595,11,35,0,"FALSE"
596,11,36,0,"FALSE"
597,11,37,0,"FALSE"
598,11,38,0,"FALSE"
599,11,39,0,"FALSE"
600,11,40,0,"FALSE"
601,11,41,0,"FALSE"
602,11,42,0,"FALSE"
603,11,43,0,"FALSE"
604,11,44,0,"FALSE"
605,11,45,0,"FALSE"
606,11,46,0,"FALSE"
607,11,47,0,"FALSE"
608,11,48,0,"FALSE"
609,11,49,0,"FALSE"
610,11,50,0,"FALSE"
611,11,51,0,"FALSE"
612,11,52,0,"FALSE"
613,11,53,0,"FALSE"
614,11,54,0,"FALSE"
615,11,55,0,"FALSE"
616,11,56,0,"FALSE"
617,12,1,0,"FALSE"
618,12,2,0,"FALSE"
619,12,3,0,"FALSE"
620,12,4,0,"FALSE"
621,12,5,0,"FALSE"
622,12,6,0,"FALSE"
623,12,7,0,"FALSE"
624,12,8,0,"FALSE"
625,12,9,0,"FALSE"
626,12,10,0,"FALSE"
627,12,11,0,"FALSE"
628,12,12,0,"FALSE"
629,12,13,0,"FALSE"
630,12,14,0,"FALSE"
631,12,15,0,"FALSE"
632,12,16,0,"FALSE"
633,12,17,0,"FALSE"
634,12,18,0,"FALSE"
635,12,19,0,"FALSE"
636,12,20,0,"FALSE"
637,12,21,0,"FALSE"
638,12,22,0,"FALSE"
639,12,23,0,"FALSE"
640,12,24,0,"FALSE"
641,12,25,0,"FALSE"
642,12,26,0,"FALSE"
643,12,27,0,"FALSE"
644,12,28,0,"FALSE"
645,12,29,0,"FALSE"
646,12,30,0,"FALSE"
647,12,31,0,"FALSE"
648,12,32,0,"FALSE"
649,12,33,0,"FALSE"
650,12,34,0,"FALSE"
651,12,35,0,"FALSE"
652,12,36,0,"FALSE"
653,12,37,0,"FALSE"
654,12,38,0,"FALSE"
655,12,39,0,"FALSE"
656,12,40,0,"FALSE"
657,12,41,0,"FALSE"
658,12,42,0,"FALSE"
659,12,43,0,"FALSE"
660,12,44,0,"FALSE"
661,12,45,0,"FALSE"
662,12,46,0,"FALSE"
663,12,47,0,"FALSE"
664,12,48,0,"FALSE"
665,12,49,0,"FALSE"
666,12,50,0,"FALSE"
667,12,51,0,"FALSE"
668,12,52,0,"FALSE"
669,12,53,0,"FALSE"
670,12,54,0,"FALSE"
671,12,55,0,"FALSE"
672,12,56,0,"FALSE"
673,13,1,0,"FALSE"
674,13,2,0,"FALSE"
675,13,3,0,"FALSE"
676,13,4,0,"FALSE"
677,13,5,0,"FALSE"
678,13,6,0,"FALSE"
679,13,7,0,"FALSE"
680,13,8,0,"FALSE"
681,13,9,0,"FALSE"
682,13,10,0,"FALSE"
683,13,11,0,"FALSE"
684,13,12,0,"FALSE"
685,13,13,0,"FALSE"
686,13,14,0,"FALSE"
687,13,15,0,"FALSE"
688,13,16,0,"FALSE"
689,13,17,0,"FALSE"
690,13,18,0,"FALSE"
691,13,19,0,"FALSE"
692,13,20,0,"FALSE"
693,13,21,0,"FALSE"
694,13,22,0,"FALSE"
695,13,23,0,"FALSE"
696,13,24,0,"FALSE"
697,13,25,0,"FALSE"
698,13,26,0,"FALSE"
699,13,27,0,"FALSE"
700,13,28,0,"FALSE"
701,13,29,0,"FALSE"
702,13,30,0,"FALSE"
703,13,31,0,"FALSE"
704,13,32,0,"FALSE"
705,13,33,0,"FALSE"
706,13,34,0,"FALSE"
707,13,35,0,"FALSE"
708,13,36,0,"FALSE"
709,13,37,0,"FALSE"
710,13,38,0,"FALSE"
711,13,39,0,"FALSE"
712,13,40,0,"FALSE"
713,13,41,0,"FALSE"
714,13,42,0,"FALSE"
715,13,43,0,"FALSE"
716,13,44,0,"FALSE"
717,13,45,0,"FALSE"
718,13,46,0,"FALSE"
719,13,47,0,"FALSE"
720,13,48,0,"FALSE"
721,13,49,0,"FALSE"
722,13,50,0,"FALSE"
723,13,51,0,"FALSE"
724,13,52,0,"FALSE"
725,13,53,0,"FALSE"
726,13,54,0,"FALSE"
727,13,55,0,"FALSE"
728,13,56,0,"FALSE"
729,14,1,0,"FALSE"
730,14,2,0,"FALSE"
731,14,3,0,"FALSE"
732,14,4,0,"FALSE"
733,14,5,0,"FALSE"
734,14,6,0,"FALSE"
735,14,7,0,"FALSE"
736,14,8,0,"FALSE"
737,14,9,0,"FALSE"
738,14,10,0,"FALSE"
739,14,11,0,"FALSE"
740,14,12,0,"FALSE"
741,14,13,0,"FALSE"
742,14,14,0,"FALSE"
743,14,15,0,"FALSE"
744,14,16,0,"FALSE"
745,14,17,0,"FALSE"
746,14,18,0,"FALSE"
747,14,19,0,"FALSE"
748,14,20,0,"FALSE"
749,14,21,0,"FALSE"
750,14,22,0,"FALSE"
751,14,23,0,"FALSE"
752,14,24,0,"FALSE"
753,14,25,0,"FALSE"
754,14,26,0,"FALSE"
755,14,27,0,"FALSE"
756,14,28,0,"FALSE"
757,14,29,0,"FALSE"
758,14,30,0,"FALSE"
759,14,31,0,"FALSE"
760,14,32,0,"FALSE"
761,14,33,0,"FALSE"
762,14,34,0,"FALSE"
763,14,35,0,"FALSE"
764,14,36,0,"FALSE"
765,14,37,0,"FALSE"
766,14,38,0,"FALSE"
767,14,39,0,"FALSE"
768,14,40,0,"FALSE"
769,14,41,0,"FALSE"
770,14,42,0,"FALSE"
771,14,43,0,"FALSE"
772,14,44,0,"FALSE"
773,14,45,0,"FALSE"
774,14,46,0,"FALSE"
775,14,47,0,"FALSE"
776,14,48,0,"FALSE"
777,14,49,0,"FALSE"
778,14,50,0,"FALSE"
779,14,51,0,"FALSE"
780,14,52,0,"FALSE"
781,14,53,0,"FALSE"
782,14,54,0,"FALSE"
783,14,55,0,"FALSE"
784,14,56,0,"FALSE"
785,15,1,0,"FALSE"
786,15,2,0,"FALSE"
787,15,3,0,"FALSE"
788,15,4,0,"FALSE"
789,15,5,0,"FALSE"
790,15,6,0,"FALSE"
791,15,7,0,"FALSE"
792,15,8,0,"FALSE"
793,15,9,0,"FALSE"
794,15,10,0,"FALSE"
795,15,11,0,"FALSE"
796,15,12,0,"FALSE"
797,15,13,0,"FALSE"
798,15,14,0,"FALSE"
799,15,15,0,"FALSE"
800,15,16,0,"FALSE"
801,15,17,0,"FALSE"
802,15,18,0,"FALSE"
803,15,19,0,"FALSE"
804,15,20,0,"FALSE"
805,15,21,0,"FALSE"
806,15,22,0,"FALSE"
807,15,23,0,"FALSE"
808,15,24,0,"FALSE"
809,15,25,0,"FALSE"
810,15,26,0,"FALSE"
811,15,27,0,"FALSE"
812,15,28,0,"FALSE"
813,15,29,0,"FALSE"
814,15,30,0,"FALSE"
815,15,31,0,"FALSE"
816,15,32,0,"FALSE"
817,15,33,0,"FALSE"
818,15,34,0,"FALSE"
819,15,35,0,"FALSE"
820,15,36,0,"FALSE"
821,15,37,0,"FALSE"
822,15,38,0,"FALSE"
823,15,39,0,"FALSE"
824,15,40,0,"FALSE"
825,15,41,0,"FALSE"
826,15,42,0,"FALSE"
827,15,43,0,"FALSE"
828,15,44,0,"FALSE"
829,15,45,0,"FALSE"
830,15,46,0,"FALSE"
831,15,47,0,"FALSE"
832,15,48,0,"FALSE"
833,15,49,0,"FALSE"
834,15,50,0,"FALSE"
835,15,51,0,"FALSE"
836,15,52,0,"FALSE"
837,15,53,0,"FALSE"
838,15,54,0,"FALSE"
839,15,55,0,"FALSE"
840,15,56,0,"FALSE"
841,16,1,0,"FALSE"
842,16,2,0,"FALSE"
843,16,3,0,"FALSE"
844,16,4,0,"FALSE"
845,16,5,0,"FALSE"
846,16,6,0,"FALSE"
847,16,7,0,"FALSE"
848,16,8,0,"FALSE"
849,16,9,0,"FALSE"
850,16,10,0,"FALSE"
851,16,11,0,"FALSE"
852,16,12,0,"FALSE"
853,16,13,0,"FALSE"
854,16,14,0,"FALSE"
855,16,15,0,"FALSE"
856,16,16,0,"FALSE"
857,16,17,0,"FALSE"
858,16,18,0,"FALSE"
859,16,19,0,"FALSE"
860,16,20,0,"FALSE"
861,16,21,0,"FALSE"
862,16,22,0,"FALSE"
863,16,23,0,"FALSE"
864,16,24,0,"FALSE"
865,16,25,0,"FALSE"
866,16,26,0,"FALSE"
867,16,27,0,"FALSE"
868,16,28,0,"FALSE"
869,16,29,0,"FALSE"
870,16,30,0,"FALSE"
871,16,31,0,"FALSE"
872,16,32,0,"FALSE"
873,16,33,0,"FALSE"
874,16,34,0,"FALSE"
875,16,35,0,"FALSE"
876,16,36,0,"FALSE"
877,16,37,0,"FALSE"
878,16,38,0,"FALSE"
879,16,39,0,"FALSE"
880,16,40,0,"FALSE"
881,16,41,0,"FALSE"
882,16,42,0,"FALSE"
883,16,43,0,"FALSE"
884,16,44,0,"FALSE"
885,16,45,0,"FALSE"
886,16,46,0,"FALSE"
887,16,47,0,"FALSE"
888,16,48,0,"FALSE"
889,16,49,0,"FALSE"
890,16,50,0,"FALSE"
891,16,51,0,"FALSE"
892,16,52,0,"FALSE"
893,16,53,0,"FALSE"
894,16,54,0,"FALSE"
895,16,55,0,"FALSE"
896,16,56,0,"FALSE"
897,17,1,0,"FALSE"
898,17,2,0,"FALSE"
899,17,3,0,"FALSE"
900,17,4,0,"FALSE"
901,17,5,0,"FALSE"
902,17,6,0,"FALSE"
903,17,7,0,"FALSE"
904,17,8,0,"FALSE"
905,17,9,0,"FALSE"
906,17,10,0,"FALSE"
907,17,11,0,"FALSE"
908,17,12,0,"FALSE"
909,17,13,0,"FALSE"
910,17,14,0,"FALSE"
911,17,15,0,"FALSE"
912,17,16,0,"FALSE"
913,17,17,0,"FALSE"
914,17,18,0,"FALSE"
915,17,19,0,"FALSE"
916,17,20,0,"FALSE"
917,17,21,0,"FALSE"
918,17,22,0,"FALSE"
919,17,23,0,"FALSE"
920,17,24,0,"FALSE"
921,17,25,0,"FALSE"
922,17,26,0,"FALSE"
923,17,27,0,"FALSE"
924,17,28,0,"FALSE"
925,17,29,0,"FALSE"
926,17,30,0,"FALSE"
927,17,31,0,"FALSE"
928,17,32,0,"FALSE"
929,17,33,0,"FALSE"
930,17,34,0,"FALSE"
931,17,35,0,"FALSE"
932,17,36,0,"FALSE"
933,17,37,0,"FALSE"
934,17,38,0,"FALSE"
935,17,39,0,"FALSE"
936,17,40,0,"FALSE"
937,17,41,0,"FALSE"
938,17,42,0,"FALSE"
939,17,43,0,"FALSE"
940,17,44,0,"FALSE"
941,17,45,0,"FALSE"
942,17,46,0,"FALSE"
943,17,47,0,"FALSE"
944,17,48,0,"FALSE"
945,17,49,0,"FALSE"
946,17,50,0,"FALSE"
947,17,51,0,"FALSE"
948,17,52,0,"FALSE"
949,17,53,0,"FALSE"
950,17,54,0,"FALSE"
951,17,55,0,"FALSE"
952,17,56,0,"FALSE"
953,18,1,0,"FALSE"
954,18,2,0,"FALSE"
955,18,3,0,"FALSE"
956,18,4,0,"FALSE"
957,18,5,0,"FALSE"
958,18,6,0,"FALSE"
959,18,7,0,"FALSE"
960,18,8,0,"FALSE"
961,18,9,0,"FALSE"
962,18,10,0,"FALSE"
963,18,11,0,"FALSE"
964,18,12,0,"FALSE"
965,18,13,0,"FALSE"
966,18,14,0,"FALSE"
967,18,15,0,"FALSE"
968,18,16,0,"FALSE"
969,18,17,0,"FALSE"
970,18,18,0,"FALSE"
971,18,19,0,"FALSE"
972,18,20,0,"FALSE"
973,18,21,0,"FALSE"
974,18,22,0,"FALSE"
975,18,23,0,"FALSE"
976,18,24,0,"FALSE"
977,18,25,0,"FALSE"
978,18,26,0,"FALSE"
979,18,27,0,"FALSE"
980,18,28,0,"FALSE"
981,18,29,0,"FALSE"
982,18,30,0,"FALSE"
983,18,31,0,"FALSE"
984,18,32,0,"FALSE"
985,18,33,0,"FALSE"
986,18,34,0,"FALSE"
987,18,35,0,"FALSE"
988,18,36,0,"FALSE"
989,18,37,0,"FALSE"
990,18,38,0,"FALSE"
991,18,39,0,"FALSE"
992,18,40,0,"FALSE"
993,18,41,0,"FALSE"
994,18,42,0,"FALSE"
995,18,43,0,"FALSE"
996,18,44,0,"FALSE"
997,18,45,0,"FALSE"
998,18,46,0,"FALSE"
999,18,47,0,"FALSE"
1000,18,48,0,"FALSE"
1001,18,49,0,"FALSE"
1002,18,50,0,"FALSE"
1003,18,51,0,"FALSE"
1004,18,52,0,"FALSE"
1005,18,53,0,"FALSE"
1006,18,54,0,"FALSE"
1007,18,55,0,"FALSE"
1008,18,56,0,"FALSE"
1009,19,1,0,"FALSE"
1010,19,2,0,"FALSE"
1011,19,3,0,"FALSE"
1012,19,4,0,"FALSE"
1013,19,5,0,"FALSE"
1014,19,6,0,"FALSE"
1015,19,7,0,"FALSE"
1016,19,8,0,"FALSE"
1017,19,9,0,"FALSE"
1018,19,10,0,"FALSE"
1019,19,11,0,"FALSE"
1020,19,12,0,"FALSE"
1021,19,13,0,"FALSE"
1022,19,14,0,"FALSE"
1023,19,15,0,"FALSE"
1024,19,16,0,"FALSE"
1025,19,17,0,"FALSE"
1026,19,18,0,"FALSE"
1027,19,19,0,"FALSE"
1028,19,20,0,"FALSE"
1029,19,21,0,"FALSE"
1030,19,22,0,"FALSE"
1031,19,23,0,"FALSE"
1032,19,24,0,"FALSE"
1033,19,25,0,"FALSE"
1034,19,26,0,"FALSE"
1035,19,27,0,"FALSE"
1036,19,28,0,"FALSE"
1037,19,29,0,"FALSE"
1038,19,30,0,"FALSE"
1039,19,31,0,"FALSE"
1040,19,32,0,"FALSE"
1041,19,33,0,"FALSE"
1042,19,34,0,"FALSE"
1043,19,35,0,"FALSE"
1044,19,36,0,"FALSE"
1045,19,37,0,"FALSE"
1046,19,38,0,"FALSE"
1047,19,39,0,"FALSE"
1048,19,40,0,"FALSE"
1049,19,41,0,"FALSE"
1050,19,42,0,"FALSE"
1051,19,43,0,"FALSE"
1052,19,44,0,"FALSE"
1053,19,45,0,"FALSE"
1054,19,46,0,"FALSE"
1055,19,47,0,"FALSE"
1056,19,48,0,"FALSE"
1057,19,49,0,"FALSE"
1058,19,50,0,"FALSE"
1059,19,51,0,"FALSE"
1060,19,52,0,"FALSE"
1061,19,53,0,"FALSE"
1062,19,54,0,"FALSE"
1063,19,55,0,"FALSE"
1064,19,56,0,"FALSE"
1065,20,1,0,"FALSE"
1066,20,2,0,"FALSE"
1067,20,3,0,"FALSE"
1068,20,4,0,"FALSE"
1069,20,5,0,"FALSE"
1070,20,6,0,"FALSE"
1071,20,7,0,"FALSE"
1072,20,8,0,"FALSE"
1073,20,9,0,"FALSE"
1074,20,10,0,"FALSE"
1075,20,11,0,"FALSE"
1076,20,12,0,"FALSE"
1077,20,13,0,"FALSE"
1078,20,14,0,"FALSE"
1079,20,15,0,"FALSE"
1080,20,16,0,"FALSE"
1081,20,17,0,"FALSE"
1082,20,18,0,"FALSE"
1083,20,19,0,"FALSE"
1084,20,20,0,"FALSE"
1085,20,21,0,"FALSE"
1086,20,22,0,"FALSE"
1087,20,23,0,"FALSE"
1088,20,24,0,"FALSE"
1089,20,25,0,"FALSE"
1090,20,26,0,"FALSE"
1091,20,27,0,"FALSE"
1092,20,28,0,"FALSE"
1093,20,29,0,"FALSE"
1094,20,30,0,"FALSE"
1095,20,31,0,"FALSE"
1096,20,32,0,"FALSE"
1097,20,33,0,"FALSE"
1098,20,34,0,"FALSE"
1099,20,35,0,"FALSE"
1100,20,36,0,"FALSE"
1101,20,37,0,"FALSE"
1102,20,38,0,"FALSE"
1103,20,39,0,"FALSE"
1104,20,40,0,"FALSE"
1105,20,41,0,"FALSE"
1106,20,42,0,"FALSE"
1107,20,43,0,"FALSE"
1108,20,44,0,"FALSE"
1109,20,45,0,"FALSE"
1110,20,46,0,"FALSE"
1111,20,47,0,"FALSE"
1112,20,48,0,"FALSE"
1113,20,49,0,"FALSE"
1114,20,50,0,"FALSE"
1115,20,51,0,"FALSE"
1116,20,52,0,"FALSE"
1117,20,53,0,"FALSE"
1118,20,54,0,"FALSE"
1119,20,55,0,"FALSE"
1120,20,56,0,"FALSE"
1121,21,1,0,"FALSE"
1122,21,2,0,"FALSE"
1123,21,3,0,"FALSE"
1124,21,4,0,"FALSE"
1125,21,5,0,"FALSE"
1126,21,6,0,"FALSE"
1127,21,7,0,"FALSE"
1128,21,8,0,"FALSE"
1129,21,9,0,"FALSE"
1130,21,10,0,"FALSE"
1131,21,11,0,"FALSE"
1132,21,12,0,"FALSE"
1133,21,13,0,"FALSE"
1134,21,14,0,"FALSE"
1135,21,15,0,"FALSE"
1136,21,16,0,"FALSE"
1137,21,17,0,"FALSE"
1138,21,18,0,"FALSE"
1139,21,19,0,"FALSE"
1140,21,20,0,"FALSE"
1141,21,21,0,"FALSE"
1142,21,22,0,"FALSE"
1143,21,23,0,"FALSE"
1144,21,24,0,"FALSE"
1145,21,25,0,"FALSE"
1146,21,26,0,"FALSE"
1147,21,27,0,"FALSE"
1148,21,28,0,"FALSE"
1149,21,29,0,"FALSE"
1150,21,30,0,"FALSE"
1151,21,31,0,"FALSE"
1152,21,32,0,"FALSE"
1153,21,33,0,"FALSE"
1154,21,34,0,"FALSE"
1155,21,35,0,"FALSE"
1156,21,36,0,"FALSE"
1157,21,37,0,"FALSE"
1158,21,38,0,"FALSE"
1159,21,39,0,"FALSE"
1160,21,40,0,"FALSE"
1161,21,41,0,"FALSE"
1162,21,42,0,"FALSE"
1163,21,43,0,"FALSE"
1164,21,44,0,"FALSE"
1165,21,45,0,"FALSE"
1166,21,46,0,"FALSE"
1167,21,47,0,"FALSE"
1168,21,48,0,"FALSE"
1169,21,49,0,"FALSE"
1170,21,50,0,"FALSE"
1171,21,51,0,"FALSE"
1172,21,52,0,"FALSE"
1173,21,53,0,"FALSE"
1174,21,54,0,"FALSE"
1175,21,55,0,"FALSE"
1176,21,56,0,"FALSE"
1177,22,1,0,"FALSE"
1178,22,2,0,"FALSE"
1179,22,3,0,"FALSE"
1180,22,4,0,"FALSE"
1181,22,5,0,"FALSE"
1182,22,6,0,"FALSE"
1183,22,7,0,"FALSE"
1184,22,8,0,"FALSE"
1185,22,9,0,"FALSE"
1186,22,10,0,"FALSE"
1187,22,11,0,"FALSE"
1188,22,12,0,"FALSE"
1189,22,13,0,"FALSE"
1190,22,14,0,"FALSE"
1191,22,15,0,"FALSE"
1192,22,16,0,"FALSE"
1193,22,17,0,"FALSE"
1194,22,18,0,"FALSE"
1195,22,19,0,"FALSE"
1196,22,20,0,"FALSE"
1197,22,21,0,"FALSE"
1198,22,22,0,"FALSE"
1199,22,23,0,"FALSE"
1200,22,24,0,"FALSE"
1201,22,25,0,"FALSE"
1202,22,26,0,"FALSE"
1203,22,27,0,"FALSE"
1204,22,28,0,"FALSE"
1205,22,29,0,"FALSE"
1206,22,30,0,"FALSE"
1207,22,31,0,"FALSE"
1208,22,32,0,"FALSE"
1209,22,33,0,"FALSE"
1210,22,34,0,"FALSE"
1211,22,35,0,"FALSE"
1212,22,36,0,"FALSE"
1213,22,37,0,"FALSE"
1214,22,38,0,"FALSE"
1215,22,39,0,"FALSE"
1216,22,40,0,"FALSE"
1217,22,41,0,"FALSE"
1218,22,42,0,"FALSE"
1219,22,43,0,"FALSE"
1220,22,44,0,"FALSE"
1221,22,45,0,"FALSE"
1222,22,46,0,"FALSE"
1223,22,47,0,"FALSE"
1224,22,48,0,"FALSE"
1225,22,49,0,"FALSE"
1226,22,50,0,"FALSE"
1227,22,51,0,"FALSE"
1228,22,52,0,"FALSE"
1229,22,53,0,"FALSE"
1230,22,54,0,"FALSE"
1231,22,55,0,"FALSE"
1232,22,56,0,"FALSE"
1233,23,1,0,"FALSE"
1234,23,2,0,"FALSE"
1235,23,3,0,"FALSE"
1236,23,4,0,"FALSE"
1237,23,5,0,"FALSE"
1238,23,6,0,"FALSE"
1239,23,7,0,"FALSE"
1240,23,8,0,"FALSE"
1241,23,9,0,"FALSE"
1242,23,10,0,"FALSE"
1243,23,11,0,"FALSE"
1244,23,12,0,"FALSE"
1245,23,13,0,"FALSE"
1246,23,14,0,"FALSE"
1247,23,15,0,"FALSE"
1248,23,16,0,"FALSE"
1249,23,17,0,"FALSE"
1250,23,18,0,"FALSE"
1251,23,19,0,"FALSE"
1252,23,20,0,"FALSE"
1253,23,21,0,"FALSE"
1254,23,22,0,"FALSE"
1255,23,23,0,"FALSE"
1256,23,24,0,"FALSE"
1257,23,25,0,"FALSE"
1258,23,26,0,"FALSE"
1259,23,27,0,"FALSE"
1260,23,28,0,"FALSE"
1261,23,29,0,"FALSE"
1262,23,30,0,"FALSE"
1263,23,31,0,"FALSE"
1264,23,32,0,"FALSE"
1265,23,33,0,"FALSE"
1266,23,34,0,"FALSE"
1267,23,35,0,"FALSE"
1268,23,36,0,"FALSE"
1269,23,37,0,"FALSE"
1270,23,38,0,"FALSE"
1271,23,39,0,"FALSE"
1272,23,40,0,"FALSE"
1273,23,41,0,"FALSE"
1274,23,42,0,"FALSE"
1275,23,43,0,"FALSE"
1276,23,44,0,"FALSE"
1277,23,45,0,"FALSE"
1278,23,46,0,"FALSE"
1279,23,47,0,"FALSE"
1280,23,48,0,"FALSE"
1281,23,49,0,"FALSE"
1282,23,50,0,"FALSE"
1283,23,51,0,"FALSE"
1284,23,52,0,"FALSE"
1285,23,53,0,"FALSE"
1286,23,54,0,"FALSE"
1287,23,55,0,"FALSE"
1288,23,56,0,"FALSE"
1289,24,1,0,"FALSE"
1290,24,2,0,"FALSE"
1291,24,3,0,"FALSE"
1292,24,4,0,"FALSE"
1293,24,5,0,"FALSE"
1294,24,6,0,"FALSE"
1295,24,7,0,"FALSE"
1296,24,8,0,"FALSE"
1297,24,9,0,"FALSE"
1298,24,10,0,"FALSE"
1299,24,11,0,"FALSE"
1300,24,12,0,"FALSE"
1301,24,13,0,"FALSE"
1302,24,14,0,"FALSE"
1303,24,15,0,"FALSE"
1304,24,16,0,"FALSE"
1305,24,17,0,"FALSE"
1306,24,18,0,"FALSE"
1307,24,19,0,"FALSE"
1308,24,20,0,"FALSE"
1309,24,21,0,"FALSE"
1310,24,22,0,"FALSE"
1311,24,23,0,"FALSE"
1312,24,24,0,"FALSE"
1313,24,25,0,"FALSE"
1314,24,26,0,"FALSE"
1315,24,27,0,"FALSE"
1316,24,28,0,"FALSE"
1317,24,29,0,"FALSE"
1318,24,30,0,"FALSE"
1319,24,31,0,"FALSE"
1320,24,32,0,"FALSE"
1321,24,33,0,"FALSE"
1322,24,34,0,"FALSE"
1323,24,35,0,"FALSE"
1324,24,36,0,"FALSE"
1325,24,37,0,"FALSE"
1326,24,38,0,"FALSE"
1327,24,39,0,"FALSE"
1328,24,40,0,"FALSE"
1329,24,41,0,"FALSE"
1330,24,42,0,"FALSE"
1331,24,43,0,"FALSE"
1332,24,44,0,"FALSE"
1333,24,45,0,"FALSE"
1334,24,46,0,"FALSE"
1335,24,47,0,"FALSE"
1336,24,48,0,"FALSE"
1337,24,49,0,"FALSE"
1338,24,50,0,"FALSE"
1339,24,51,0,"FALSE"
1340,24,52,0,"FALSE"
1341,24,53,0,"FALSE"
1342,24,54,0,"FALSE"
1343,24,55,0,"FALSE"
1344,24,56,0,"FALSE"
1345,25,1,0,"FALSE"
1346,25,2,0,"FALSE"
1347,25,3,0,"FALSE"
1348,25,4,0,"FALSE"
1349,25,5,0,"FALSE"
1350,25,6,0,"FALSE"
1351,25,7,0,"FALSE"
1352,25,8,0,"FALSE"
1353,25,9,0,"FALSE"
1354,25,10,0,"FALSE"
1355,25,11,0,"FALSE"
1356,25,12,0,"FALSE"
1357,25,13,0,"FALSE"
1358,25,14,0,"FALSE"
1359,25,15,0,"FALSE"
1360,25,16,0,"FALSE"
1361,25,17,0,"FALSE"
1362,25,18,0,"FALSE"
1363,25,19,0,"FALSE"
1364,25,20,0,"FALSE"
1365,25,21,0,"FALSE"
1366,25,22,0,"FALSE"
1367,25,23,0,"FALSE"
1368,25,24,0,"FALSE"
1369,25,25,0,"FALSE"
1370,25,26,0,"FALSE"
1371,25,27,0,"FALSE"
1372,25,28,0,"FALSE"
1373,25,29,0,"FALSE"
1374,25,30,0,"FALSE"
1375,25,31,0,"FALSE"
1376,25,32,0,"FALSE"
1377,25,33,0,"FALSE"
1378,25,34,0,"FALSE"
1379,25,35,0,"FALSE"
1380,25,36,0,"FALSE"
1381,25,37,0,"FALSE"
1382,25,38,0,"FALSE"
1383,25,39,0,"FALSE"
1384,25,40,0,"FALSE"
1385,25,41,0,"FALSE"
1386,25,42,0,"FALSE"
1387,25,43,0,"FALSE"
1388,25,44,0,"FALSE"
1389,25,45,0,"FALSE"
1390,25,46,0,"FALSE"
1391,25,47,0,"FALSE"
1392,25,48,0,"FALSE"
1393,25,49,0,"FALSE"
1394,25,50,0,"FALSE"
1395,25,51,0,"FALSE"
1396,25,52,0,"FALSE"
1397,25,53,0,"FALSE"
1398,25,54,0,"FALSE"
1399,25,55,0,"FALSE"
1400,25,56,0,"FALSE"
1401,26,1,0,"FALSE"
1402,26,2,0,"FALSE"
1403,26,3,0,"FALSE"
1404,26,4,0,"FALSE"
1405,26,5,0,"FALSE"
1406,26,6,0,"FALSE"
1407,26,7,0,"FALSE"
1408,26,8,0,"FALSE"
1409,26,9,0,"FALSE"
1410,26,10,0,"FALSE"
1411,26,11,0,"FALSE"
1412,26,12,0,"FALSE"
1413,26,13,0,"FALSE"
1414,26,14,0,"FALSE"
1415,26,15,0,"FALSE"
1416,26,16,0,"FALSE"
1417,26,17,0,"FALSE"
1418,26,18,0,"FALSE"
1419,26,19,0,"FALSE"
1420,26,20,0,"FALSE"
1421,26,21,0,"FALSE"
1422,26,22,0,"FALSE"
1423,26,23,0,"FALSE"
1424,26,24,0,"FALSE"
1425,26,25,0,"FALSE"
1426,26,26,0,"FALSE"
1427,26,27,0,"FALSE"
1428,26,28,0,"FALSE"
1429,26,29,0,"FALSE"
1430,26,30,0,"FALSE"
1431,26,31,0,"FALSE"
1432,26,32,0,"FALSE"
1433,26,33,0,"FALSE"
1434,26,34,0,"FALSE"
1435,26,35,0,"FALSE"
1436,26,36,0,"FALSE"
1437,26,37,0,"FALSE"
1438,26,38,0,"FALSE"
1439,26,39,0,"FALSE"
1440,26,40,0,"FALSE"
1441,26,41,0,"FALSE"
1442,26,42,0,"FALSE"
1443,26,43,0,"FALSE"
1444,26,44,0,"FALSE"
1445,26,45,0,"FALSE"
1446,26,46,0,"FALSE"
1447,26,47,0,"FALSE"
1448,26,48,0,"FALSE"
1449,26,49,0,"FALSE"
1450,26,50,0,"FALSE"
1451,26,51,0,"FALSE"
1452,26,52,0,"FALSE"
1453,26,53,0,"FALSE"
1454,26,54,0,"FALSE"
1455,26,55,0,"FALSE"
1456,26,56,0,"FALSE"
1457,27,1,0,"FALSE"
1458,27,2,0,"FALSE"
1459,27,3,0,"FALSE"
1460,27,4,0,"FALSE"
1461,27,5,0,"FALSE"
1462,27,6,0,"FALSE"
1463,27,7,0,"FALSE"
1464,27,8,0,"FALSE"
1465,27,9,0,"FALSE"
1466,27,10,0,"FALSE"
1467,27,11,0,"FALSE"
1468,27,12,0,"FALSE"
1469,27,13,0,"FALSE"
1470,27,14,0,"FALSE"
1471,27,15,0,"FALSE"
1472,27,16,0,"FALSE"
1473,27,17,0,"FALSE"
1474,27,18,0,"FALSE"
1475,27,19,0,"FALSE"
1476,27,20,0,"FALSE"
1477,27,21,0,"FALSE"
1478,27,22,0,"FALSE"
1479,27,23,0,"FALSE"
1480,27,24,0,"FALSE"
1481,27,25,0,"FALSE"
1482,27,26,0,"FALSE"
1483,27,27,0,"FALSE"
1484,27,28,0,"FALSE"
1485,27,29,0,"FALSE"
1486,27,30,0,"FALSE"
1487,27,31,0,"FALSE"
1488,27,32,0,"FALSE"
1489,27,33,0,"FALSE"
1490,27,34,0,"FALSE"
1491,27,35,0,"FALSE"
1492,27,36,0,"FALSE"
1493,27,37,0,"FALSE"
1494,27,38,0,"FALSE"
1495,27,39,0,"FALSE"
1496,27,40,0,"FALSE"
1497,27,41,0,"FALSE"
1498,27,42,0,"FALSE"
1499,27,43,0,"FALSE"
1500,27,44,0,"FALSE"
1501,27,45,0,"FALSE"
1502,27,46,0,"FALSE"
1503,27,47,0,"FALSE"
1504,27,48,0,"FALSE"
1505,27,49,0,"FALSE"
1506,27,50,0,"FALSE"
1507,27,51,0,"FALSE"
1508,27,52,0,"FALSE"
1509,27,53,0,"FALSE"
1510,27,54,0,"FALSE"
1511,27,55,0,"FALSE"
1512,27,56,0,"FALSE"
1513,28,1,0,"FALSE"
1514,28,2,0,"FALSE"
1515,28,3,0,"FALSE"
1516,28,4,0,"FALSE"
1517,28,5,0,"FALSE"
1518,28,6,0,"FALSE"
1519,28,7,0,"FALSE"
1520,28,8,0,"FALSE"
1521,28,9,0,"FALSE"
1522,28,10,0,"FALSE"
1523,28,11,0,"FALSE"
1524,28,12,0,"FALSE"
1525,28,13,0,"FALSE"
1526,28,14,0,"FALSE"
1527,28,15,0,"FALSE"
1528,28,16,0,"FALSE"
1529,28,17,0,"FALSE"
1530,28,18,0,"FALSE"
1531,28,19,0,"FALSE"
1532,28,20,0,"FALSE"
1533,28,21,0,"FALSE"
1534,28,22,0,"FALSE"
1535,28,23,0,"FALSE"
1536,28,24,0,"FALSE"
1537,28,25,0,"FALSE"
1538,28,26,0,"FALSE"
1539,28,27,0,"FALSE"
1540,28,28,0,"FALSE"
1541,28,29,0,"FALSE"
1542,28,30,0,"FALSE"
1543,28,31,0,"FALSE"
1544,28,32,0,"FALSE"
1545,28,33,0,"FALSE"
1546,28,34,0,"FALSE"
1547,28,35,0,"FALSE"
1548,28,36,0,"FALSE"
1549,28,37,0,"FALSE"
1550,28,38,0,"FALSE"
1551,28,39,0,"FALSE"
1552,28,40,0,"FALSE"
1553,28,41,0,"FALSE"
1554,28,42,0,"FALSE"
1555,28,43,0,"FALSE"
1556,28,44,0,"FALSE"
1557,28,45,0,"FALSE"
1558,28,46,0,"FALSE"
1559,28,47,0,"FALSE"
1560,28,48,0,"FALSE"
1561,28,49,0,"FALSE"
1562,28,50,0,"FALSE"
1563,28,51,0,"FALSE"
1564,28,52,0,"FALSE"
1565,28,53,0,"FALSE"
1566,28,54,0,"FALSE"
1567,28,55,0,"FALSE"
1568,28,56,0,"FALSE"
1569,29,1,0,"FALSE"
1570,29,2,0,"FALSE"
1571,29,3,0,"FALSE"
1572,29,4,0,"FALSE"
1573,29,5,0,"FALSE"
1574,29,6,0,"FALSE"
1575,29,7,0,"FALSE"
1576,29,8,0,"FALSE"
1577,29,9,0,"FALSE"
1578,29,10,0,"FALSE"
1579,29,11,0,"FALSE"
1580,29,12,0,"FALSE"
1581,29,13,0,"FALSE"
1582,29,14,0,"FALSE"
1583,29,15,0,"FALSE"
1584,29,16,0,"FALSE"
1585,29,17,0,"FALSE"
1586,29,18,0,"FALSE"
1587,29,19,0,"FALSE"
1588,29,20,0,"FALSE"
1589,29,21,0,"FALSE"
1590,29,22,0,"FALSE"
1591,29,23,0,"FALSE"
1592,29,24,0,"FALSE"
1593,29,25,0,"FALSE"
1594,29,26,0,"FALSE"
1595,29,27,0,"FALSE"
1596,29,28,0,"FALSE"
1597,29,29,0,"FALSE"
1598,29,30,0,"FALSE"
1599,29,31,0,"FALSE"
1600,29,32,0,"FALSE"
1601,29,33,0,"FALSE"
1602,29,34,0,"FALSE"
1603,29,35,0,"FALSE"
1604,29,36,0,"FALSE"
1605,29,37,0,"FALSE"
1606,29,38,0,"FALSE"
1607,29,39,0,"FALSE"
1608,29,40,0,"FALSE"
1609,29,41,0,"FALSE"
1610,29,42,0,"FALSE"
1611,29,43,0,"FALSE"
1612,29,44,0,"FALSE"
1613,29,45,0,"FALSE"
1614,29,46,0,"FALSE"
1615,29,47,0,"FALSE"
1616,29,48,0,"FALSE"
1617,29,49,0,"FALSE"
1618,29,50,0,"FALSE"
1619,29,51,0,"FALSE"
1620,29,52,0,"FALSE"
1621,29,53,0,"FALSE"
1622,29,54,0,"FALSE"
1623,29,55,0,"FALSE"
1624,29,56,0,"FALSE"
1625,30,1,0,"FALSE"
1626,30,2,0,"FALSE"
1627,30,3,0,"FALSE"
1628,30,4,0,"FALSE"
1629,30,5,0,"FALSE"
1630,30,6,0,"FALSE"
1631,30,7,0,"FALSE"
1632,30,8,0,"FALSE"
1633,30,9,0,"FALSE"
1634,30,10,0,"FALSE"
1635,30,11,0,"FALSE"
1636,30,12,0,"FALSE"
1637,30,13,0,"FALSE"
1638,30,14,0,"FALSE"
1639,30,15,0,"FALSE"
1640,30,16,0,"FALSE"
1641,30,17,0,"FALSE"
1642,30,18,0,"FALSE"
1643,30,19,0,"FALSE"
1644,30,20,0,"FALSE"
1645,30,21,0,"FALSE"
1646,30,22,0,"FALSE"
1647,30,23,0,"FALSE"
1648,30,24,0,"FALSE"
1649,30,25,0,"FALSE"
1650,30,26,0,"FALSE"
1651,30,27,0,"FALSE"
1652,30,28,0,"FALSE"
1653,30,29,0,"FALSE"
1654,30,30,0,"FALSE"
1655,30,31,0,"FALSE"
1656,30,32,0,"FALSE"
1657,30,33,0,"FALSE"
1658,30,34,0,"FALSE"
1659,30,35,0,"FALSE"
1660,30,36,0,"FALSE"
1661,30,37,0,"FALSE"
1662,30,38,0,"FALSE"
1663,30,39,0,"FALSE"
1664,30,40,0,"FALSE"
1665,30,41,0,"FALSE"
1666,30,42,0,"FALSE"
1667,30,43,0,"FALSE"
1668,30,44,0,"FALSE"
1669,30,45,0,"FALSE"
1670,30,46,0,"FALSE"
1671,30,47,0,"FALSE"
1672,30,48,0,"FALSE"
1673,30,49,0,"FALSE"
1674,30,50,0,"FALSE"
1675,30,51,0,"FALSE"
1676,30,52,0,"FALSE"
1677,30,53,0,"FALSE"
1678,30,54,0,"FALSE"
1679,30,55,0,"FALSE"
1680,30,56,0,"FALSE"
1681,31,1,0,"FALSE"
1682,31,2,0,"FALSE"
1683,31,3,0,"FALSE"
1684,31,4,0,"FALSE"
1685,31,5,0,"FALSE"
1686,31,6,0,"FALSE"
1687,31,7,0,"FALSE"
1688,31,8,0,"FALSE"
1689,31,9,0,"FALSE"
1690,31,10,0,"FALSE"
1691,31,11,0,"FALSE"
1692,31,12,0,"FALSE"
1693,31,13,0,"FALSE"
1694,31,14,0,"FALSE"
1695,31,15,0,"FALSE"
1696,31,16,0,"FALSE"
1697,31,17,0,"FALSE"
1698,31,18,0,"FALSE"
1699,31,19,0,"FALSE"
1700,31,20,0,"FALSE"
1701,31,21,0,"FALSE"
1702,31,22,0,"FALSE"
1703,31,23,0,"FALSE"
1704,31,24,0,"FALSE"
1705,31,25,0,"FALSE"
1706,31,26,0,"FALSE"
1707,31,27,0,"FALSE"
1708,31,28,0,"FALSE"
1709,31,29,0,"FALSE"
1710,31,30,0,"FALSE"
1711,31,31,0,"FALSE"
1712,31,32,0,"FALSE"
1713,31,33,0,"FALSE"
1714,31,34,0,"FALSE"
1715,31,35,0,"FALSE"
1716,31,36,0,"FALSE"
1717,31,37,0,"FALSE"
1718,31,38,0,"FALSE"
1719,31,39,0,"FALSE"
1720,31,40,0,"FALSE"
1721,31,41,0,"FALSE"
1722,31,42,0,"FALSE"
1723,31,43,0,"FALSE"
1724,31,44,0,"FALSE"
1725,31,45,0,"FALSE"
1726,31,46,0,"FALSE"
1727,31,47,0,"FALSE"
1728,31,48,0,"FALSE"
1729,31,49,0,"FALSE"
1730,31,50,0,"FALSE"
1731,31,51,0,"FALSE"
1732,31,52,0,"FALSE"
1733,31,53,0,"FALSE"
1734,31,54,0,"FALSE"
1735,31,55,0,"FALSE"
1736,31,56,0,"FALSE"
1737,32,1,0,"FALSE"
1738,32,2,0,"FALSE"
1739,32,3,0,"FALSE"
1740,32,4,0,"FALSE"
1741,32,5,0,"FALSE"
1742,32,6,0,"FALSE"
1743,32,7,0,"FALSE"
1744,32,8,0,"FALSE"
1745,32,9,0,"FALSE"
1746,32,10,0,"FALSE"
1747,32,11,0,"FALSE"
1748,32,12,0,"FALSE"
1749,32,13,0,"FALSE"
1750,32,14,0,"FALSE"
1751,32,15,0,"FALSE"
1752,32,16,0,"FALSE"
1753,32,17,0,"FALSE"
1754,32,18,0,"FALSE"
1755,32,19,0,"FALSE"
1756,32,20,0,"FALSE"
1757,32,21,0,"FALSE"
1758,32,22,0,"FALSE"
1759,32,23,0,"FALSE"
1760,32,24,0,"FALSE"
1761,32,25,0,"FALSE"
1762,32,26,0,"FALSE"
1763,32,27,0,"FALSE"
1764,32,28,0,"FALSE"
1765,32,29,0,"FALSE"
1766,32,30,0,"FALSE"
1767,32,31,0,"FALSE"
1768,32,32,0,"FALSE"
1769,32,33,0,"FALSE"
1770,32,34,0,"FALSE"
1771,32,35,0,"FALSE"
1772,32,36,0,"FALSE"
1773,32,37,0,"FALSE"
1774,32,38,0,"FALSE"
1775,32,39,0,"FALSE"
1776,32,40,0,"FALSE"
1777,32,41,0,"FALSE"
1778,32,42,0,"FALSE"
1779,32,43,0,"FALSE"
1780,32,44,0,"FALSE"
1781,32,45,0,"FALSE"
1782,32,46,0,"FALSE"
1783,32,47,0,"FALSE"
1784,32,48,0,"FALSE"
1785,32,49,0,"FALSE"
1786,32,50,0,"FALSE"
1787,32,51,0,"FALSE"
1788,32,52,0,"FALSE"
1789,32,53,0,"FALSE"
1790,32,54,0,"FALSE"
1791,32,55,0,"FALSE"
1792,32,56,0,"FALSE"
1793,33,1,0,"FALSE"
1794,33,2,0,"FALSE"
1795,33,3,0,"FALSE"
1796,33,4,0,"FALSE"
1797,33,5,0,"FALSE"
1798,33,6,0,"FALSE"
1799,33,7,0,"FALSE"
1800,33,8,0,"FALSE"
1801,33,9,0,"FALSE"
1802,33,10,0,"FALSE"
1803,33,11,0,"FALSE"
1804,33,12,0,"FALSE"
1805,33,13,0,"FALSE"
1806,33,14,0,"FALSE"
1807,33,15,0,"FALSE"
1808,33,16,0,"FALSE"
1809,33,17,0,"FALSE"
1810,33,18,0,"FALSE"
1811,33,19,0,"FALSE"
1812,33,20,0,"FALSE"
1813,33,21,0,"FALSE"
1814,33,22,0,"FALSE"
1815,33,23,0,"FALSE"
1816,33,24,0,"FALSE"
1817,33,25,0,"FALSE"
1818,33,26,0,"FALSE"
1819,33,27,0,"FALSE"
1820,33,28,0,"FALSE"
1821,33,29,0,"FALSE"
1822,33,30,0,"FALSE"
1823,33,31,0,"FALSE"
1824,33,32,0,"FALSE"
1825,33,33,0,"FALSE"
1826,33,34,0,"FALSE"
1827,33,35,0,"FALSE"
1828,33,36,0,"FALSE"
1829,33,37,0,"FALSE"
1830,33,38,0,"FALSE"
1831,33,39,0,"FALSE"
1832,33,40,0,"FALSE"
1833,33,41,0,"FALSE"
1834,33,42,0,"FALSE"
1835,33,43,0,"FALSE"
1836,33,44,0,"FALSE"
1837,33,45,0,"FALSE"
1838,33,46,0,"FALSE"
1839,33,47,0,"FALSE"
1840,33,48,0,"FALSE"
1841,33,49,0,"FALSE"
1842,33,50,0,"FALSE"
1843,33,51,0,"FALSE"
1844,33,52,0,"FALSE"
1845,33,53,0,"FALSE"
1846,33,54,0,"FALSE"
1847,33,55,0,"FALSE"
1848,33,56,0,"FALSE"
1849,34,1,0,"FALSE"
1850,34,2,0,"FALSE"
1851,34,3,0,"FALSE"
1852,34,4,0,"FALSE"
1853,34,5,0,"FALSE"
1854,34,6,0,"FALSE"
1855,34,7,0,"FALSE"
1856,34,8,0,"FALSE"
1857,34,9,0,"FALSE"
1858,34,10,0,"FALSE"
1859,34,11,0,"FALSE"
1860,34,12,0,"FALSE"
1861,34,13,0,"FALSE"
1862,34,14,0,"FALSE"
1863,34,15,0,"FALSE"
1864,34,16,0,"FALSE"
1865,34,17,0,"FALSE"
1866,34,18,0,"FALSE"
1867,34,19,0,"FALSE"
1868,34,20,0,"FALSE"
1869,34,21,0,"FALSE"
1870,34,22,0,"FALSE"
1871,34,23,0,"FALSE"
1872,34,24,0,"FALSE"
1873,34,25,0,"FALSE"
1874,34,26,0,"FALSE"
1875,34,27,0,"FALSE"
1876,34,28,0,"FALSE"
1877,34,29,0,"FALSE"
1878,34,30,0,"FALSE"
1879,34,31,0,"FALSE"
1880,34,32,0,"FALSE"
1881,34,33,0,"FALSE"
1882,34,34,0,"FALSE"
1883,34,35,0,"FALSE"
1884,34,36,0,"FALSE"
1885,34,37,0,"FALSE"
1886,34,38,0,"FALSE"
1887,34,39,0,"FALSE"
1888,34,40,0,"FALSE"
1889,34,41,0,"FALSE"
1890,34,42,0,"FALSE"
1891,34,43,0,"FALSE"
1892,34,44,0,"FALSE"
1893,34,45,0,"FALSE"
1894,34,46,0,"FALSE"
1895,34,47,0,"FALSE"
1896,34,48,0,"FALSE"
1897,34,49,0,"FALSE"
1898,34,50,0,"FALSE"
1899,34,51,0,"FALSE"
1900,34,52,0,"FALSE"
1901,34,53,0,"FALSE"
1902,34,54,0,"FALSE"
1903,34,55,0,"FALSE"
1904,34,56,0,"FALSE"
1905,35,1,0,"FALSE"
1906,35,2,0,"FALSE"
1907,35,3,0,"FALSE"
1908,35,4,0,"FALSE"
1909,35,5,0,"FALSE"
1910,35,6,0,"FALSE"
1911,35,7,0,"FALSE"
1912,35,8,0,"FALSE"
1913,35,9,0,"FALSE"
1914,35,10,0,"FALSE"
1915,35,11,0,"FALSE"
1916,35,12,0,"FALSE"
1917,35,13,0,"FALSE"
1918,35,14,0,"FALSE"
1919,35,15,0,"FALSE"
1920,35,16,0,"FALSE"
1921,35,17,0,"FALSE"
1922,35,18,0,"FALSE"
1923,35,19,0,"FALSE"
1924,35,20,0,"FALSE"
1925,35,21,0,"FALSE"
1926,35,22,0,"FALSE"
1927,35,23,0,"FALSE"
1928,35,24,0,"FALSE"
1929,35,25,0,"FALSE"
1930,35,26,0,"FALSE"
1931,35,27,0,"FALSE"
1932,35,28,0,"FALSE"
1933,35,29,0,"FALSE"
1934,35,30,0,"FALSE"
1935,35,31,0,"FALSE"
1936,35,32,0,"FALSE"
1937,35,33,0,"FALSE"
1938,35,34,0,"FALSE"
1939,35,35,0,"FALSE"
1940,35,36,0,"FALSE"
1941,35,37,0,"FALSE"
1942,35,38,0,"FALSE"
1943,35,39,0,"FALSE"
1944,35,40,0,"FALSE"
1945,35,41,0,"FALSE"
1946,35,42,0,"FALSE"
1947,35,43,0,"FALSE"
1948,35,44,0,"FALSE"
1949,35,45,0,"FALSE"
1950,35,46,0,"FALSE"
1951,35,47,0,"FALSE"
1952,35,48,0,"FALSE"
1953,35,49,0,"FALSE"
1954,35,50,0,"FALSE"
1955,35,51,0,"FALSE"
1956,35,52,0,"FALSE"
1957,35,53,0,"FALSE"
1958,35,54,0,"FALSE"
1959,35,55,0,"FALSE"
1960,35,56,0,"FALSE"
1961,36,1,0,"FALSE"
1962,36,2,0,"FALSE"
1963,36,3,0,"FALSE"
1964,36,4,0,"FALSE"
1965,36,5,0,"FALSE"
1966,36,6,0,"FALSE"
1967,36,7,0,"FALSE"
1968,36,8,0,"FALSE"
1969,36,9,0,"FALSE"
1970,36,10,0,"FALSE"
1971,36,11,0,"FALSE"
1972,36,12,0,"FALSE"
1973,36,13,0,"FALSE"
1974,36,14,0,"FALSE"
1975,36,15,0,"FALSE"
1976,36,16,0,"FALSE"
1977,36,17,0,"FALSE"
1978,36,18,0,"FALSE"
1979,36,19,0,"FALSE"
1980,36,20,0,"FALSE"
1981,36,21,0,"FALSE"
1982,36,22,0,"FALSE"
1983,36,23,0,"FALSE"
1984,36,24,0,"FALSE"
1985,36,25,0,"FALSE"
1986,36,26,0,"FALSE"
1987,36,27,0,"FALSE"
1988,36,28,0,"FALSE"
1989,36,29,0,"FALSE"
1990,36,30,0,"FALSE"
1991,36,31,0,"FALSE"
1992,36,32,0,"FALSE"
1993,36,33,0,"FALSE"
1994,36,34,0,"FALSE"
1995,36,35,0,"FALSE"
1996,36,36,0,"FALSE"
1997,36,37,0,"FALSE"
1998,36,38,0,"FALSE"
1999,36,39,0,"FALSE"
2000,36,40,0,"FALSE"
2001,36,41,0,"FALSE"
2002,36,42,0,"FALSE"
2003,36,43,0,"FALSE"
2004,36,44,0,"FALSE"
2005,36,45,0,"FALSE"
2006,36,46,0,"FALSE"
2007,36,47,0,"FALSE"
2008,36,48,0,"FALSE"
2009,36,49,0,"FALSE"
2010,36,50,0,"FALSE"
2011,36,51,0,"FALSE"
2012,36,52,0,"FALSE"
2013,36,53,0,"FALSE"
2014,36,54,0,"FALSE"
2015,36,55,0,"FALSE"
2016,36,56,0,"FALSE"
